{"_runtime":162,"train/explained_variance":-0.00032246113,"global_step":45056,"train/clip_fraction":0.064013675,"train/clip_range":0.2,"_step":231,"train/learning_rate":0.0003,"train/entropy_loss":-1.3789046,"time/fps":288,"train/policy_gradient_loss":-0.0047018286,"_timestamp":1.7654479445193326e+09,"train/std":0.96277213,"_wandb":{"runtime":162},"train/loss":-0.024047254,"train/approx_kl":0.0048745577,"train/value_loss":0.0010794603}