{"train/explained_variance":-0.0006028414,"train/std":1.0013256,"_timestamp":1.7654473559875598e+09,"train/approx_kl":0.0049141985,"train/entropy_loss":-1.4263681,"_step":528,"train/loss":-0.014972008,"_runtime":399,"train/learning_rate":0.0003,"train/clip_fraction":0.049853515,"train/clip_range":0.2,"_wandb":{"runtime":399},"time/fps":254,"train/value_loss":0.06289078,"train/policy_gradient_loss":-0.0043694717,"global_step":100352}